"No.","Time","Source","Destination","Protocol","Length","Info"
"874","8.014775","0a:49:7b:29:49:76","Broadcast","802.11","156","Probe Request, SN=871, FN=0, Flags=........C, SSID=Wildcard (Broadcast)"
"881","8.026153","0a:49:7b:29:49:76","Broadcast","802.11","156","Probe Request, SN=872, FN=0, Flags=........C, SSID=Wildcard (Broadcast)"
"1416","10.333866","LiteonTechno_13:23:c1","Broadcast","802.11","110","Probe Request, SN=3957, FN=0, Flags=........C, SSID=Wildcard (Broadcast)"
"2468","13.504020","AzureWaveTec_9c:2a:f3","Broadcast","802.11","110","Probe Request, SN=988, FN=0, Flags=........C, SSID=Wildcard (Broadcast)"
"2484","13.523422","AzureWaveTec_9c:2a:f3","Broadcast","802.11","110","Probe Request, SN=989, FN=0, Flags=........C, SSID=Wildcard (Broadcast)"
"3631","19.365885","AzureWaveTec_9c:2a:f3","Broadcast","802.11","110","Probe Request, SN=1028, FN=0, Flags=........C, SSID=Wildcard (Broadcast)"
"3637","19.397644","AzureWaveTec_9c:2a:f3","Broadcast","802.11","110","Probe Request, SN=1029, FN=0, Flags=........C, SSID=Wildcard (Broadcast)"
"3688","20.248448","2a:c2:dd:9c:2a:f3","Broadcast","802.11","110","Probe Request, SN=2524, FN=0, Flags=........C, SSID=Wildcard (Broadcast)"
"3695","20.280345","2a:c2:dd:9c:2a:f3","Broadcast","802.11","110","Probe Request, SN=2525, FN=0, Flags=........C, SSID=Wildcard (Broadcast)"
"4437","26.695982","2a:c2:dd:9c:2a:f3","Broadcast","802.11","110","Probe Request, SN=2544, FN=0, Flags=........C, SSID=Wildcard (Broadcast)"
"4578","30.373024","LiteonTechno_13:23:c1","Broadcast","802.11","110","Probe Request, SN=4018, FN=0, Flags=........C, SSID=Wildcard (Broadcast)"
"4874","34.128296","SagemcomBroa_d7:48:32","Broadcast","802.11","291","Probe Request, SN=1077, FN=0, Flags=........C, SSID=Wildcard (Broadcast)"
"4889","34.244776","SagemcomBroa_d7:48:32","Broadcast","802.11","291","Probe Request, SN=1078, FN=0, Flags=........C, SSID=Wildcard (Broadcast)"
"4915","34.360714","SagemcomBroa_d7:48:32","Broadcast","802.11","291","Probe Request, SN=1083, FN=0, Flags=........C, SSID=Wildcard (Broadcast)"
"6147","47.552046","SamsungElect_02:2c:e8","Broadcast","802.11","140","Probe Request, SN=274, FN=0, Flags=........C, SSID=Wildcard (Broadcast)"
"6154","47.573618","SamsungElect_02:2c:e8","Broadcast","802.11","140","Probe Request, SN=275, FN=0, Flags=........C, SSID=Wildcard (Broadcast)"
"6564","53.451300","SamsungElect_02:2c:e8","Broadcast","802.11","140","Probe Request, SN=303, FN=0, Flags=........C, SSID=Wildcard (Broadcast)"
"6567","53.455878","SamsungElect_02:2c:e8","Broadcast","802.11","140","Probe Request, SN=304, FN=0, Flags=........C, SSID=Wildcard (Broadcast)"
"6772","57.920528","SamsungElect_02:2c:e8","Broadcast","802.11","100","Probe Request, SN=337, FN=0, Flags=........C, SSID=""INGRAM-device-8085"""
"6774","57.935764","SamsungElect_02:2c:e8","Broadcast","802.11","100","Probe Request, SN=338, FN=0, Flags=........C, SSID=""INGRAM-device-8085"""
"6779","57.960137","SamsungElect_02:2c:e8","Broadcast","802.11","100","Probe Request, SN=339, FN=0, Flags=........C, SSID=""INGRAM-device-8085"""
"8369","78.633102","SamsungElect_02:2c:e8","Broadcast","802.11","100","Probe Request, SN=371, FN=0, Flags=........C, SSID=""INGRAM-device-8085"""
"8372","78.648166","SamsungElect_02:2c:e8","Broadcast","802.11","100","Probe Request, SN=372, FN=0, Flags=........C, SSID=""INGRAM-device-8085"""
"8374","78.672625","SamsungElect_02:2c:e8","Broadcast","802.11","100","Probe Request, SN=373, FN=0, Flags=........C, SSID=""INGRAM-device-8085"""
"8376","78.687701","SamsungElect_02:2c:e8","Broadcast","802.11","100","Probe Request, SN=374, FN=0, Flags=........C, SSID=""INGRAM-device-8085"""
"10170","98.273472","AzureWaveTec_9c:2a:f3","Broadcast","802.11","110","Probe Request, SN=1067, FN=0, Flags=........C, SSID=Wildcard (Broadcast)"
"10178","98.306976","AzureWaveTec_9c:2a:f3","Broadcast","802.11","110","Probe Request, SN=1068, FN=0, Flags=........C, SSID=Wildcard (Broadcast)"
"10629","104.030841","SagemcomBroa_d7:48:32","Broadcast","802.11","291","Probe Request, SN=1209, FN=0, Flags=........C, SSID=Wildcard (Broadcast)"
"21557","138.733312","SagemcomBroa_d7:48:32","Broadcast","802.11","291","Probe Request, SN=1266, FN=0, Flags=........C, SSID=Wildcard (Broadcast)"
"22667","150.292408","0e:8b:14:2a:3b:77","Broadcast","802.11","123","Probe Request, SN=1276, FN=0, Flags=........C, SSID=Wildcard (Broadcast)"
"23978","170.302216","SagemcomBroa_d7:48:32","Broadcast","802.11","291","Probe Request, SN=1324, FN=0, Flags=........C, SSID=Wildcard (Broadcast)"
"23986","170.420956","SagemcomBroa_d7:48:32","Broadcast","802.11","291","Probe Request, SN=1327, FN=0, Flags=........C, SSID=Wildcard (Broadcast)"
"24294","175.846741","AzureWaveTec_9c:2a:f3","Broadcast","802.11","110","Probe Request, SN=1119, FN=0, Flags=........C, SSID=Wildcard (Broadcast)"
"24301","175.879944","AzureWaveTec_9c:2a:f3","Broadcast","802.11","110","Probe Request, SN=1120, FN=0, Flags=........C, SSID=Wildcard (Broadcast)"
"24320","176.048856","d6:b7:cf:a2:07:09","Broadcast","802.11","156","Probe Request, SN=372, FN=0, Flags=........C, SSID=Wildcard (Broadcast)"
"24327","176.060386","d6:b7:cf:a2:07:09","Broadcast","802.11","156","Probe Request, SN=373, FN=0, Flags=........C, SSID=Wildcard (Broadcast)"
"24683","181.184598","AzureWaveTec_9c:2a:f3","Broadcast","802.11","110","Probe Request, SN=1159, FN=0, Flags=........C, SSID=Wildcard (Broadcast)"
"25336","193.937351","52:9b:9a:de:71:f6","Broadcast","802.11","123","Probe Request, SN=3523, FN=0, Flags=........C, SSID=Wildcard (Broadcast)"
"25721","201.160084","LiteonTechno_13:23:c1","Broadcast","802.11","110","Probe Request, SN=692, FN=0, Flags=........C, SSID=Wildcard (Broadcast)"
"25777","202.268282","SagemcomBroa_d7:48:32","Broadcast","802.11","291","Probe Request, SN=1354, FN=0, Flags=........C, SSID=Wildcard (Broadcast)"
"26510","214.053437","82:34:42:e9:7d:79","Broadcast","802.11","156","Probe Request, SN=639, FN=0, Flags=........C, SSID=Wildcard (Broadcast)"
"26521","214.065733","82:34:42:e9:7d:79","Broadcast","802.11","156","Probe Request, SN=640, FN=0, Flags=........C, SSID=Wildcard (Broadcast)"
"27553","231.168370","LiteonTechno_13:23:c1","Broadcast","802.11","110","Probe Request, SN=781, FN=0, Flags=........C, SSID=Wildcard (Broadcast)"
"27927","237.063521","SagemcomBroa_d7:48:32","Broadcast","802.11","291","Probe Request, SN=1416, FN=0, Flags=........C, SSID=Wildcard (Broadcast)"
"28788","251.351701","2a:c2:dd:9c:2a:f3","Broadcast","802.11","110","Probe Request, SN=2550, FN=0, Flags=........C, SSID=Wildcard (Broadcast)"
"28797","251.385144","2a:c2:dd:9c:2a:f3","Broadcast","802.11","110","Probe Request, SN=2551, FN=0, Flags=........C, SSID=Wildcard (Broadcast)"
"29288","258.470538","AzureWaveTec_9c:2a:f3","Broadcast","802.11","110","Probe Request, SN=1197, FN=0, Flags=........C, SSID=Wildcard (Broadcast)"
"29295","258.503667","AzureWaveTec_9c:2a:f3","Broadcast","802.11","110","Probe Request, SN=1198, FN=0, Flags=........C, SSID=Wildcard (Broadcast)"
"29591","263.126755","ea:8b:34:e5:98:94","Broadcast","802.11","156","Probe Request, SN=1013, FN=0, Flags=........C, SSID=Wildcard (Broadcast)"
"29599","263.140663","ea:8b:34:e5:98:94","Broadcast","802.11","156","Probe Request, SN=1014, FN=0, Flags=........C, SSID=Wildcard (Broadcast)"
"29609","263.307459","AzureWaveTec_9c:2a:f3","Broadcast","802.11","110","Probe Request, SN=1237, FN=0, Flags=........C, SSID=Wildcard (Broadcast)"
"29615","263.337087","AzureWaveTec_9c:2a:f3","Broadcast","802.11","110","Probe Request, SN=1238, FN=0, Flags=........C, SSID=Wildcard (Broadcast)"
"31043","271.868009","SagemcomBroa_d7:48:32","Broadcast","802.11","291","Probe Request, SN=1478, FN=0, Flags=........C, SSID=Wildcard (Broadcast)"
"31056","271.987532","SagemcomBroa_d7:48:32","Broadcast","802.11","291","Probe Request, SN=1483, FN=0, Flags=........C, SSID=Wildcard (Broadcast)"
"33991","306.610060","86:03:48:49:77:73","Broadcast","802.11","156","Probe Request, SN=3289, FN=0, Flags=........C, SSID=Wildcard (Broadcast)"
"33998","306.621632","86:03:48:49:77:73","Broadcast","802.11","156","Probe Request, SN=3290, FN=0, Flags=........C, SSID=Wildcard (Broadcast)"
"34004","306.642281","SagemcomBroa_d7:48:32","Broadcast","802.11","291","Probe Request, SN=1540, FN=0, Flags=........C, SSID=Wildcard (Broadcast)"
"35614","331.373824","LiteonTechno_13:23:c1","Broadcast","802.11","110","Probe Request, SN=1083, FN=0, Flags=........C, SSID=Wildcard (Broadcast)"
"36132","335.376227","6a:73:5d:1d:62:ed","Broadcast","802.11","156","Probe Request, SN=2586, FN=0, Flags=........C, SSID=Wildcard (Broadcast)"
"36139","335.387862","6a:73:5d:1d:62:ed","Broadcast","802.11","156","Probe Request, SN=2587, FN=0, Flags=........C, SSID=Wildcard (Broadcast)"
"36747","338.344472","AzureWaveTec_9c:2a:f3","Broadcast","802.11","110","Probe Request, SN=1249, FN=0, Flags=........C, SSID=Wildcard (Broadcast)"
"36748","338.375951","AzureWaveTec_9c:2a:f3","Broadcast","802.11","110","Probe Request, SN=1250, FN=0, Flags=........C, SSID=Wildcard (Broadcast)"
"37161","341.432285","SagemcomBroa_d7:48:32","Broadcast","802.11","291","Probe Request, SN=1602, FN=0, Flags=........C, SSID=Wildcard (Broadcast)"
"37334","343.280594","AzureWaveTec_9c:2a:f3","Broadcast","802.11","110","Probe Request, SN=1286, FN=0, Flags=........C, SSID=Wildcard (Broadcast)"
"37359","343.312679","AzureWaveTec_9c:2a:f3","Broadcast","802.11","110","Probe Request, SN=1287, FN=0, Flags=........C, SSID=Wildcard (Broadcast)"
"38201","344.070267","AzureWaveTec_9c:2a:f3","Broadcast","802.11","110","Probe Request, SN=1290, FN=0, Flags=........C, SSID=Wildcard (Broadcast)"
"38249","344.100171","AzureWaveTec_9c:2a:f3","Broadcast","802.11","110","Probe Request, SN=1291, FN=0, Flags=........C, SSID=Wildcard (Broadcast)"
"41351","351.369899","LiteonTechno_13:23:c1","Broadcast","802.11","110","Probe Request, SN=1142, FN=0, Flags=........C, SSID=Wildcard (Broadcast)"
"42478","359.217079","ee:74:82:8c:5a:ba","Broadcast","802.11","156","Probe Request, SN=3492, FN=0, Flags=........C, SSID=Wildcard (Broadcast)"
"42488","359.229034","ee:74:82:8c:5a:ba","Broadcast","802.11","156","Probe Request, SN=3493, FN=0, Flags=........C, SSID=Wildcard (Broadcast)"
"44453","376.401964","SagemcomBroa_d7:48:32","Broadcast","802.11","291","Probe Request, SN=1671, FN=0, Flags=........C, SSID=Wildcard (Broadcast)"
"46879","395.305680","86:a2:d8:63:5c:6d","Broadcast","802.11","156","Probe Request, SN=3099, FN=0, Flags=........C, SSID=Wildcard (Broadcast)"
"46886","395.317080","86:a2:d8:63:5c:6d","Broadcast","802.11","156","Probe Request, SN=3100, FN=0, Flags=........C, SSID=Wildcard (Broadcast)"
"48730","411.066550","SagemcomBroa_d7:48:32","Broadcast","802.11","291","Probe Request, SN=1728, FN=0, Flags=........C, SSID=Wildcard (Broadcast)"
"49157","415.558021","AzureWaveTec_9c:2a:f3","Broadcast","802.11","110","Probe Request, SN=1302, FN=0, Flags=........C, SSID=Wildcard (Broadcast)"
"49164","415.591124","AzureWaveTec_9c:2a:f3","Broadcast","802.11","110","Probe Request, SN=1303, FN=0, Flags=........C, SSID=Wildcard (Broadcast)"
"50100","421.579298","AzureWaveTec_9c:2a:f3","Broadcast","802.11","110","Probe Request, SN=1338, FN=0, Flags=........C, SSID=Wildcard (Broadcast)"
"50388","422.965662","AzureWaveTec_9c:2a:f3","Broadcast","802.11","110","Probe Request, SN=1342, FN=0, Flags=........C, SSID=Wildcard (Broadcast)"
"50390","422.998123","AzureWaveTec_9c:2a:f3","Broadcast","802.11","110","Probe Request, SN=1343, FN=0, Flags=........C, SSID=Wildcard (Broadcast)"
"51183","430.004978","82:74:81:9c:f9:d0","Broadcast","802.11","156","Probe Request, SN=1229, FN=0, Flags=........C, SSID=Wildcard (Broadcast)"
"51194","430.017219","82:74:81:9c:f9:d0","Broadcast","802.11","156","Probe Request, SN=1230, FN=0, Flags=........C, SSID=Wildcard (Broadcast)"
"51487","433.331672","Google_4d:4d:4d","Broadcast","802.11","123","Probe Request, SN=2736, FN=0, Flags=........C, SSID=Wildcard (Broadcast)"
"52580","445.879213","SagemcomBroa_d7:48:32","Broadcast","802.11","291","Probe Request, SN=1790, FN=0, Flags=........C, SSID=Wildcard (Broadcast)"
"52588","445.996281","SagemcomBroa_d7:48:32","Broadcast","802.11","291","Probe Request, SN=1795, FN=0, Flags=........C, SSID=Wildcard (Broadcast)"
"53073","452.164005","LiteonTechno_13:23:c1","Broadcast","802.11","110","Probe Request, SN=1444, FN=0, Flags=........C, SSID=Wildcard (Broadcast)"
"53078","452.182767","LiteonTechno_13:23:c1","Broadcast","802.11","110","Probe Request, SN=1445, FN=0, Flags=........C, SSID=Wildcard (Broadcast)"
"53683","462.165827","LiteonTechno_13:23:c1","Broadcast","802.11","110","Probe Request, SN=1474, FN=0, Flags=........C, SSID=Wildcard (Broadcast)"
"53688","462.184500","LiteonTechno_13:23:c1","Broadcast","802.11","110","Probe Request, SN=1475, FN=0, Flags=........C, SSID=Wildcard (Broadcast)"
"54557","473.887318","2e:87:4a:3d:fd:82","Broadcast","802.11","156","Probe Request, SN=1153, FN=0, Flags=........C, SSID=Wildcard (Broadcast)"
"54564","473.900259","2e:87:4a:3d:fd:82","Broadcast","802.11","156","Probe Request, SN=1154, FN=0, Flags=........C, SSID=Wildcard (Broadcast)"
"54716","477.667589","SagemcomBroa_d7:48:32","Broadcast","802.11","291","Probe Request, SN=1848, FN=0, Flags=........C, SSID=Wildcard (Broadcast)"
"54893","481.070167","ae:3b:46:46:c1:4b","Broadcast","802.11","156","Probe Request, SN=2466, FN=0, Flags=........C, SSID=Wildcard (Broadcast)"
"54900","481.081574","ae:3b:46:46:c1:4b","Broadcast","802.11","156","Probe Request, SN=2467, FN=0, Flags=........C, SSID=Wildcard (Broadcast)"
"55002","482.176107","b2:58:b2:73:78:ef","Broadcast","802.11","153","Probe Request, SN=2189, FN=0, Flags=........C, SSID=Wildcard (Broadcast)"
"55003","482.176891","LiteonTechno_13:23:c1","Broadcast","802.11","110","Probe Request, SN=1534, FN=0, Flags=........C, SSID=Wildcard (Broadcast)"
"55009","482.195796","LiteonTechno_13:23:c1","Broadcast","802.11","110","Probe Request, SN=1535, FN=0, Flags=........C, SSID=Wildcard (Broadcast)"
"59151","494.442376","AzureWaveTec_9c:2a:f3","Broadcast","802.11","110","Probe Request, SN=1355, FN=0, Flags=........C, SSID=Wildcard (Broadcast)"
"59159","494.475442","AzureWaveTec_9c:2a:f3","Broadcast","802.11","110","Probe Request, SN=1356, FN=0, Flags=........C, SSID=Wildcard (Broadcast)"
"60217","501.022148","AzureWaveTec_9c:2a:f3","Broadcast","802.11","110","Probe Request, SN=1392, FN=0, Flags=........C, SSID=Wildcard (Broadcast)"
"60253","501.568505","AzureWaveTec_9c:2a:f3","Broadcast","802.11","110","Probe Request, SN=1396, FN=0, Flags=........C, SSID=Wildcard (Broadcast)"
"60266","501.877538","c6:b4:3f:e5:13:7a","Broadcast","802.11","123","Probe Request, SN=2285, FN=0, Flags=........C, SSID=Wildcard (Broadcast)"
"60269","501.892543","c6:b4:3f:e5:13:7a","Broadcast","802.11","123","Probe Request, SN=2286, FN=0, Flags=........C, SSID=Wildcard (Broadcast)"
"60374","503.019497","2a:c2:dd:9c:2a:f3","Broadcast","802.11","110","Probe Request, SN=2576, FN=0, Flags=........C, SSID=Wildcard (Broadcast)"
"60382","503.054530","2a:c2:dd:9c:2a:f3","Broadcast","802.11","110","Probe Request, SN=2577, FN=0, Flags=........C, SSID=Wildcard (Broadcast)"
"61230","509.724603","SagemcomBroa_d7:48:32","Broadcast","802.11","291","Probe Request, SN=1878, FN=0, Flags=........C, SSID=Wildcard (Broadcast)"
"61241","509.841768","SagemcomBroa_d7:48:32","Broadcast","802.11","291","Probe Request, SN=1883, FN=0, Flags=........C, SSID=Wildcard (Broadcast)"
"61380","510.773484","d2:48:db:88:1a:9a","Broadcast","802.11","123","Probe Request, SN=986, FN=0, Flags=........C, SSID=Wildcard (Broadcast)"
"61476","512.137064","22:d0:2f:5e:a2:41","Broadcast","802.11","123","Probe Request, SN=3777, FN=0, Flags=........C, SSID=Wildcard (Broadcast)"
"61481","512.160481","22:d0:2f:5e:a2:41","Broadcast","802.11","123","Probe Request, SN=3778, FN=0, Flags=........C, SSID=Wildcard (Broadcast)"
"61489","512.182111","22:d0:2f:5e:a2:41","Broadcast","802.11","123","Probe Request, SN=3779, FN=0, Flags=........C, SSID=Wildcard (Broadcast)"
"61518","512.531085","2a:c2:dd:9c:2a:f3","Broadcast","802.11","110","Probe Request, SN=2595, FN=0, Flags=........C, SSID=Wildcard (Broadcast)"
"61536","512.795749","2a:c2:dd:9c:2a:f3","Broadcast","802.11","110","Probe Request, SN=2596, FN=0, Flags=........C, SSID=Wildcard (Broadcast)"
"62194","516.087064","9e:34:64:5b:dd:6f","Broadcast","802.11","153","Probe Request, SN=734, FN=0, Flags=........C, SSID=Wildcard (Broadcast)"
"62297","516.670133","86:86:b2:ec:47:43","Broadcast","802.11","168","Probe Request, SN=87, FN=0, Flags=........C, SSID=""INGRAM-pokoj"""
"63040","518.349886","26:51:03:93:9d:64","Broadcast","802.11","123","Probe Request, SN=452, FN=0, Flags=........C, SSID=Wildcard (Broadcast)"
"63050","518.368360","26:51:03:93:9d:64","Broadcast","802.11","123","Probe Request, SN=453, FN=0, Flags=........C, SSID=Wildcard (Broadcast)"
"63064","518.378297","26:51:03:93:9d:64","Broadcast","802.11","123","Probe Request, SN=454, FN=0, Flags=........C, SSID=Wildcard (Broadcast)"
"63894","521.230574","3e:d8:d8:96:92:43","Broadcast","802.11","156","Probe Request, SN=3726, FN=0, Flags=........C, SSID=Wildcard (Broadcast)"
"63899","521.241356","3e:d8:d8:96:92:43","Broadcast","802.11","156","Probe Request, SN=3727, FN=0, Flags=........C, SSID=Wildcard (Broadcast)"
"65712","523.604370","86:86:b2:ec:47:43","Broadcast","802.11","168","Probe Request, SN=141, FN=0, Flags=........C, SSID=""INGRAM-pokoj"""
"65730","523.617188","86:86:b2:ec:47:43","Broadcast","802.11","168","Probe Request, SN=143, FN=0, Flags=........C, SSID=""INGRAM-pokoj"""
"66893","524.271910","86:86:b2:ec:47:43","Broadcast","802.11","168","Probe Request, SN=176, FN=0, Flags=........C, SSID=""INGRAM-pokoj"""
"66900","524.283555","86:86:b2:ec:47:43","Broadcast","802.11","168","Probe Request, SN=177, FN=0, Flags=........C, SSID=""INGRAM-pokoj"""
"86650","544.521593","86:86:b2:ec:47:43","Broadcast","802.11","168","Probe Request, SN=394, FN=0, Flags=........C, SSID=""INGRAM-pokoj"""
"86657","544.531964","86:86:b2:ec:47:43","Broadcast","802.11","168","Probe Request, SN=396, FN=0, Flags=........C, SSID=""INGRAM-pokoj"""
"86707","544.607123","SagemcomBroa_d7:48:32","Broadcast","802.11","291","Probe Request, SN=1945, FN=0, Flags=........C, SSID=Wildcard (Broadcast)"
"89946","555.206127","86:86:b2:ec:47:43","Broadcast","802.11","168","Probe Request, SN=526, FN=0, Flags=........C, SSID=""INGRAM-pokoj"""
"89947","555.207407","86:86:b2:ec:47:43","Broadcast","802.11","168","Probe Request, SN=527, FN=0, Flags=........C, SSID=""INGRAM-pokoj"""
"89958","555.230841","86:86:b2:ec:47:43","Broadcast","802.11","168","Probe Request, SN=528, FN=0, Flags=........C, SSID=""INGRAM-pokoj"""
"89967","555.242615","86:86:b2:ec:47:43","Broadcast","802.11","168","Probe Request, SN=530, FN=0, Flags=........C, SSID=""INGRAM-pokoj"""
"90305","555.729177","86:86:b2:ec:47:43","Broadcast","802.11","168","Probe Request, SN=556, FN=0, Flags=........C, SSID=""INGRAM-pokoj"""
"90311","555.741154","86:86:b2:ec:47:43","Broadcast","802.11","168","Probe Request, SN=557, FN=0, Flags=........C, SSID=""INGRAM-pokoj"""
"92297","562.452621","52:60:6d:61:02:1e","Broadcast","802.11","156","Probe Request, SN=639, FN=0, Flags=........C, SSID=Wildcard (Broadcast)"
"92304","562.464007","52:60:6d:61:02:1e","Broadcast","802.11","156","Probe Request, SN=640, FN=0, Flags=........C, SSID=Wildcard (Broadcast)"
"119767","579.302289","SagemcomBroa_d7:48:32","Broadcast","802.11","291","Probe Request, SN=2002, FN=0, Flags=........C, SSID=Wildcard (Broadcast)"
"126596","582.268759","LiteonTechno_13:23:c1","Broadcast","802.11","110","Probe Request, SN=1834, FN=0, Flags=........C, SSID=Wildcard (Broadcast)"
"134103","584.959479","AzureWaveTec_9c:2a:f3","Broadcast","802.11","110","Probe Request, SN=1433, FN=0, Flags=........C, SSID=Wildcard (Broadcast)"
"134112","584.992057","AzureWaveTec_9c:2a:f3","Broadcast","802.11","110","Probe Request, SN=1434, FN=0, Flags=........C, SSID=Wildcard (Broadcast)"
"140733","587.964256","86:86:b2:ec:47:43","Broadcast","802.11","168","Probe Request, SN=924, FN=0, Flags=........C, SSID=""INGRAM-pokoj"""
"140740","587.975886","86:86:b2:ec:47:43","Broadcast","802.11","168","Probe Request, SN=925, FN=0, Flags=........C, SSID=""INGRAM-pokoj"""
"141110","589.141798","AzureWaveTec_9c:2a:f3","Broadcast","802.11","110","Probe Request, SN=1471, FN=0, Flags=........C, SSID=Wildcard (Broadcast)"
"141205","589.439346","AzureWaveTec_9c:2a:f3","Broadcast","802.11","110","Probe Request, SN=1475, FN=0, Flags=........C, SSID=Wildcard (Broadcast)"
"141210","589.467426","AzureWaveTec_9c:2a:f3","Broadcast","802.11","110","Probe Request, SN=1476, FN=0, Flags=........C, SSID=Wildcard (Broadcast)"
"142157","595.053539","86:86:b2:ec:47:43","Broadcast","802.11","168","Probe Request, SN=981, FN=0, Flags=........C, SSID=""INGRAM-pokoj"""
"142201","595.082645","86:86:b2:ec:47:43","Broadcast","802.11","168","Probe Request, SN=982, FN=0, Flags=........C, SSID=""INGRAM-pokoj"""
"142204","595.083864","86:86:b2:ec:47:43","Broadcast","802.11","168","Probe Request, SN=984, FN=0, Flags=........C, SSID=""INGRAM-pokoj"""
"142324","595.509726","86:86:b2:ec:47:43","Broadcast","802.11","168","Probe Request, SN=1009, FN=0, Flags=........C, SSID=""INGRAM-pokoj"""
"142330","595.545177","86:86:b2:ec:47:43","Broadcast","802.11","168","Probe Request, SN=1012, FN=0, Flags=........C, SSID=""INGRAM-pokoj"""
"149658","610.021371","2e:cd:5b:8c:39:57","Broadcast","802.11","156","Probe Request, SN=294, FN=0, Flags=........C, SSID=Wildcard (Broadcast)"
"149667","610.034049","2e:cd:5b:8c:39:57","Broadcast","802.11","156","Probe Request, SN=295, FN=0, Flags=........C, SSID=Wildcard (Broadcast)"
"152553","614.314529","SagemcomBroa_d7:48:32","Broadcast","802.11","291","Probe Request, SN=2064, FN=0, Flags=........C, SSID=Wildcard (Broadcast)"
"152829","614.434198","SagemcomBroa_d7:48:32","Broadcast","802.11","291","Probe Request, SN=2069, FN=0, Flags=........C, SSID=Wildcard (Broadcast)"
"165917","634.729283","SamsungElect_02:2c:e8","Broadcast","802.11","140","Probe Request, SN=405, FN=0, Flags=........C, SSID=Wildcard (Broadcast)"
"166047","634.780988","SamsungElect_02:2c:e8","Broadcast","802.11","140","Probe Request, SN=407, FN=0, Flags=........C, SSID=Wildcard (Broadcast)"
"166054","634.792730","SamsungElect_02:2c:e8","Broadcast","802.11","140","Probe Request, SN=408, FN=0, Flags=........C, SSID=Wildcard (Broadcast)"
"176546","649.082565","SagemcomBroa_d7:48:32","Broadcast","802.11","291","Probe Request, SN=2125, FN=0, Flags=........C, SSID=Wildcard (Broadcast)"
"181573","660.726899","AzureWaveTec_9c:2a:f3","Broadcast","802.11","110","Probe Request, SN=1487, FN=0, Flags=........C, SSID=Wildcard (Broadcast)"
"181604","660.759845","AzureWaveTec_9c:2a:f3","Broadcast","802.11","110","Probe Request, SN=1488, FN=0, Flags=........C, SSID=Wildcard (Broadcast)"
"181782","661.132646","b2:fb:68:c2:36:43","Broadcast","802.11","156","Probe Request, SN=1363, FN=0, Flags=........C, SSID=Wildcard (Broadcast)"
"181789","661.144174","b2:fb:68:c2:36:43","Broadcast","802.11","156","Probe Request, SN=1364, FN=0, Flags=........C, SSID=Wildcard (Broadcast)"
"182323","662.325206","LiteonTechno_13:23:c1","Broadcast","802.11","110","Probe Request, SN=2074, FN=0, Flags=........C, SSID=Wildcard (Broadcast)"
"184191","665.668978","AzureWaveTec_9c:2a:f3","Broadcast","802.11","110","Probe Request, SN=1524, FN=0, Flags=........C, SSID=Wildcard (Broadcast)"
"184367","665.962541","AzureWaveTec_9c:2a:f3","Broadcast","802.11","110","Probe Request, SN=1528, FN=0, Flags=........C, SSID=Wildcard (Broadcast)"
"192337","683.996344","SagemcomBroa_d7:48:32","Broadcast","802.11","291","Probe Request, SN=2190, FN=0, Flags=........C, SSID=Wildcard (Broadcast)"
"207723","712.367259","LiteonTechno_13:23:c1","Broadcast","802.11","110","Probe Request, SN=2224, FN=0, Flags=........C, SSID=Wildcard (Broadcast)"
"207727","712.385960","LiteonTechno_13:23:c1","Broadcast","802.11","110","Probe Request, SN=2225, FN=0, Flags=........C, SSID=Wildcard (Broadcast)"
"207982","713.581576","1a:7a:30:f1:e9:ad","Broadcast","802.11","165","Probe Request, SN=515, FN=0, Flags=........C, SSID=Wildcard (Broadcast)"
"210985","718.819886","SagemcomBroa_d7:48:32","Broadcast","802.11","291","Probe Request, SN=2252, FN=0, Flags=........C, SSID=Wildcard (Broadcast)"
"225105","737.395746","2a:c2:dd:9c:2a:f3","Broadcast","802.11","110","Probe Request, SN=2602, FN=0, Flags=........C, SSID=Wildcard (Broadcast)"
"225119","737.428343","2a:c2:dd:9c:2a:f3","Broadcast","802.11","110","Probe Request, SN=2603, FN=0, Flags=........C, SSID=Wildcard (Broadcast)"
"229398","744.944694","AzureWaveTec_9c:2a:f3","Broadcast","802.11","110","Probe Request, SN=1567, FN=0, Flags=........C, SSID=Wildcard (Broadcast)"
"229433","744.977224","AzureWaveTec_9c:2a:f3","Broadcast","802.11","110","Probe Request, SN=1568, FN=0, Flags=........C, SSID=Wildcard (Broadcast)"
"234381","752.441128","LiteonTechno_13:23:c1","Broadcast","802.11","110","Probe Request, SN=2345, FN=0, Flags=........C, SSID=Wildcard (Broadcast)"
"235058","753.682026","SagemcomBroa_d7:48:32","Broadcast","802.11","291","Probe Request, SN=2314, FN=0, Flags=........C, SSID=Wildcard (Broadcast)"
"235148","753.861015","AzureWaveTec_9c:2a:f3","Broadcast","802.11","110","Probe Request, SN=1608, FN=0, Flags=........C, SSID=Wildcard (Broadcast)"
"246860","772.470410","LiteonTechno_13:23:c1","Broadcast","802.11","110","Probe Request, SN=2405, FN=0, Flags=........C, SSID=Wildcard (Broadcast)"
"256190","785.667897","SagemcomBroa_d7:48:32","Broadcast","802.11","291","Probe Request, SN=2375, FN=0, Flags=........C, SSID=Wildcard (Broadcast)"
"271942","817.618067","SagemcomBroa_d7:48:32","Broadcast","802.11","291","Probe Request, SN=2402, FN=0, Flags=........C, SSID=Wildcard (Broadcast)"
"273962","822.574177","LiteonTechno_13:23:c1","Broadcast","802.11","110","Probe Request, SN=2554, FN=0, Flags=........C, SSID=Wildcard (Broadcast)"
"273972","822.592670","LiteonTechno_13:23:c1","Broadcast","802.11","110","Probe Request, SN=2555, FN=0, Flags=........C, SSID=Wildcard (Broadcast)"
"275084","826.202526","AzureWaveTec_9c:2a:f3","Broadcast","802.11","110","Probe Request, SN=1619, FN=0, Flags=........C, SSID=Wildcard (Broadcast)"
"275091","826.222513","AzureWaveTec_9c:2a:f3","Broadcast","802.11","110","Probe Request, SN=1620, FN=0, Flags=........C, SSID=Wildcard (Broadcast)"
"276566","831.661320","AzureWaveTec_9c:2a:f3","Broadcast","802.11","110","Probe Request, SN=1659, FN=0, Flags=........C, SSID=Wildcard (Broadcast)"
"280253","852.522432","SagemcomBroa_d7:48:32","Broadcast","802.11","291","Probe Request, SN=2464, FN=0, Flags=........C, SSID=Wildcard (Broadcast)"
"280279","852.602961","LiteonTechno_13:23:c1","Broadcast","802.11","110","Probe Request, SN=2644, FN=0, Flags=........C, SSID=Wildcard (Broadcast)"
"280286","852.621694","LiteonTechno_13:23:c1","Broadcast","802.11","110","Probe Request, SN=2645, FN=0, Flags=........C, SSID=Wildcard (Broadcast)"
"280291","852.639040","SagemcomBroa_d7:48:32","Broadcast","802.11","291","Probe Request, SN=2469, FN=0, Flags=........C, SSID=Wildcard (Broadcast)"
"284791","877.466288","22:8f:28:1e:00:fd","Broadcast","802.11","123","Probe Request, SN=3808, FN=0, Flags=........C, SSID=Wildcard (Broadcast)"
"284803","877.478157","22:8f:28:1e:00:fd","Broadcast","802.11","123","Probe Request, SN=3809, FN=0, Flags=........C, SSID=Wildcard (Broadcast)"
"286644","887.315231","SagemcomBroa_d7:48:32","Broadcast","802.11","291","Probe Request, SN=2526, FN=0, Flags=........C, SSID=Wildcard (Broadcast)"
"298065","913.054901","LiteonTechno_13:23:c1","Broadcast","802.11","110","Probe Request, SN=390, FN=0, Flags=........C, SSID=Wildcard (Broadcast)"
"298357","914.465292","4a:33:0b:73:86:ea","Broadcast","802.11","203","Probe Request, SN=2016, FN=0, Flags=........C, SSID=Wildcard (Broadcast)"
"298361","914.485641","4a:33:0b:73:86:ea","Broadcast","802.11","203","Probe Request, SN=2017, FN=0, Flags=........C, SSID=Wildcard (Broadcast)"
"298366","914.505617","4a:33:0b:73:86:ea","Broadcast","802.11","203","Probe Request, SN=2018, FN=0, Flags=........C, SSID=Wildcard (Broadcast)"
"298376","914.523687","4a:33:0b:73:86:ea","Broadcast","802.11","203","Probe Request, SN=2019, FN=0, Flags=........C, SSID=Wildcard (Broadcast)"
"298384","914.546811","4a:33:0b:73:86:ea","Broadcast","802.11","203","Probe Request, SN=2020, FN=0, Flags=........C, SSID=Wildcard (Broadcast)"
"298391","914.565213","4a:33:0b:73:86:ea","Broadcast","802.11","203","Probe Request, SN=2021, FN=0, Flags=........C, SSID=Wildcard (Broadcast)"
"298400","914.585630","4a:33:0b:73:86:ea","Broadcast","802.11","203","Probe Request, SN=2022, FN=0, Flags=........C, SSID=Wildcard (Broadcast)"
"298683","916.340050","AzureWaveTec_9c:2a:f3","Broadcast","802.11","110","Probe Request, SN=1672, FN=0, Flags=........C, SSID=Wildcard (Broadcast)"
"298692","916.365267","AzureWaveTec_9c:2a:f3","Broadcast","802.11","110","Probe Request, SN=1673, FN=0, Flags=........C, SSID=Wildcard (Broadcast)"
"299577","920.895101","de:f7:49:ef:15:1e","Broadcast","802.11","123","Probe Request, SN=2314, FN=0, Flags=........C, SSID=Wildcard (Broadcast)"
"299586","920.911683","de:f7:49:ef:15:1e","Broadcast","802.11","123","Probe Request, SN=2315, FN=0, Flags=........C, SSID=Wildcard (Broadcast)"
"299892","922.359603","SagemcomBroa_d7:48:32","Broadcast","802.11","291","Probe Request, SN=2588, FN=0, Flags=........C, SSID=Wildcard (Broadcast)"
"301202","930.213952","AzureWaveTec_9c:2a:f3","Broadcast","802.11","110","Probe Request, SN=1713, FN=0, Flags=........C, SSID=Wildcard (Broadcast)"
"308216","947.204201","b2:7a:8e:9d:58:2c","Broadcast","802.11","156","Probe Request, SN=3892, FN=0, Flags=........C, SSID=Wildcard (Broadcast)"
"308222","947.213560","b2:7a:8e:9d:58:2c","Broadcast","802.11","156","Probe Request, SN=3893, FN=0, Flags=........C, SSID=Wildcard (Broadcast)"
"316071","952.958430","6e:5c:36:a7:2c:99","Broadcast","802.11","153","Probe Request, SN=3880, FN=0, Flags=........C, SSID=Wildcard (Broadcast)"
"319994","957.351605","SagemcomBroa_d7:48:32","Broadcast","802.11","291","Probe Request, SN=2650, FN=0, Flags=........C, SSID=Wildcard (Broadcast)"
"321000","967.467212","c2:f6:4a:36:d2:b3","Broadcast","802.11","123","Probe Request, SN=1254, FN=0, Flags=........C, SSID=Wildcard (Broadcast)"
"321009","967.478603","c2:f6:4a:36:d2:b3","Broadcast","802.11","123","Probe Request, SN=1255, FN=0, Flags=........C, SSID=Wildcard (Broadcast)"
"322010","973.612378","86:d2:91:01:a9:04","Broadcast","802.11","156","Probe Request, SN=1278, FN=0, Flags=........C, SSID=Wildcard (Broadcast)"
"322017","973.623942","86:d2:91:01:a9:04","Broadcast","802.11","156","Probe Request, SN=1279, FN=0, Flags=........C, SSID=Wildcard (Broadcast)"
"329425","992.235043","SagemcomBroa_d7:48:32","Broadcast","802.11","291","Probe Request, SN=2714, FN=0, Flags=........C, SSID=Wildcard (Broadcast)"
"330835","1001.813983","AzureWaveTec_9c:2a:f3","Broadcast","802.11","110","Probe Request, SN=1725, FN=0, Flags=........C, SSID=Wildcard (Broadcast)"
"333205","1012.072050","AzureWaveTec_9c:2a:f3","Broadcast","802.11","110","Probe Request, SN=1763, FN=0, Flags=........C, SSID=Wildcard (Broadcast)"
"333981","1015.887813","2a:c2:dd:9c:2a:f3","Broadcast","802.11","110","Probe Request, SN=2628, FN=0, Flags=........C, SSID=Wildcard (Broadcast)"
"333990","1015.920090","2a:c2:dd:9c:2a:f3","Broadcast","802.11","110","Probe Request, SN=2629, FN=0, Flags=........C, SSID=Wildcard (Broadcast)"
"337084","1026.904170","SagemcomBroa_d7:48:32","Broadcast","802.11","291","Probe Request, SN=2775, FN=0, Flags=........C, SSID=Wildcard (Broadcast)"
"337096","1027.025792","SagemcomBroa_d7:48:32","Broadcast","802.11","291","Probe Request, SN=2776, FN=0, Flags=........C, SSID=Wildcard (Broadcast)"
"337136","1027.144464","SagemcomBroa_d7:48:32","Broadcast","802.11","291","Probe Request, SN=2781, FN=0, Flags=........C, SSID=Wildcard (Broadcast)"
"337495","1030.237551","2a:c2:dd:9c:2a:f3","Broadcast","802.11","110","Probe Request, SN=2647, FN=0, Flags=........C, SSID=Wildcard (Broadcast)"
"339346","1043.559417","LiteonTechno_13:23:c1","Broadcast","802.11","110","Probe Request, SN=784, FN=0, Flags=........C, SSID=Wildcard (Broadcast)"
"339353","1043.578142","LiteonTechno_13:23:c1","Broadcast","802.11","110","Probe Request, SN=785, FN=0, Flags=........C, SSID=Wildcard (Broadcast)"
"342022","1055.901236","a2:84:56:fa:c9:41","Broadcast","802.11","123","Probe Request, SN=938, FN=0, Flags=........C, SSID=Wildcard (Broadcast)"
"343399","1061.838015","SagemcomBroa_d7:48:32","Broadcast","802.11","291","Probe Request, SN=2838, FN=0, Flags=........C, SSID=Wildcard (Broadcast)"
"349142","1084.262265","LiteonTechno_13:23:c1","Broadcast","802.11","110","Probe Request, SN=909, FN=0, Flags=........C, SSID=Wildcard (Broadcast)"
"349219","1084.982468","LiteonTechno_13:23:c1","Broadcast","802.11","110","Probe Request, SN=930, FN=0, Flags=........C, SSID=Wildcard (Broadcast)"
"350274","1093.589164","SagemcomBroa_d7:48:32","Broadcast","802.11","291","Probe Request, SN=2895, FN=0, Flags=........C, SSID=Wildcard (Broadcast)"
"350331","1093.705648","SagemcomBroa_d7:48:32","Broadcast","802.11","291","Probe Request, SN=2896, FN=0, Flags=........C, SSID=Wildcard (Broadcast)"
"351635","1100.668023","AzureWaveTec_9c:2a:f3","Broadcast","802.11","110","Probe Request, SN=1805, FN=0, Flags=........C, SSID=Wildcard (Broadcast)"
"351642","1100.700105","AzureWaveTec_9c:2a:f3","Broadcast","802.11","110","Probe Request, SN=1806, FN=0, Flags=........C, SSID=Wildcard (Broadcast)"
"352332","1106.064730","AzureWaveTec_9c:2a:f3","Broadcast","802.11","110","Probe Request, SN=1841, FN=0, Flags=........C, SSID=Wildcard (Broadcast)"
"352505","1107.194642","AzureWaveTec_9c:2a:f3","Broadcast","802.11","110","Probe Request, SN=1846, FN=0, Flags=........C, SSID=Wildcard (Broadcast)"
"356614","1124.464298","LiteonTechno_13:23:c1","Broadcast","802.11","110","Probe Request, SN=1028, FN=0, Flags=........C, SSID=Wildcard (Broadcast)"
"356760","1125.761288","SagemcomBroa_d7:48:32","Broadcast","802.11","291","Probe Request, SN=2926, FN=0, Flags=........C, SSID=Wildcard (Broadcast)"
"356785","1125.877905","SagemcomBroa_d7:48:32","Broadcast","802.11","291","Probe Request, SN=2931, FN=0, Flags=........C, SSID=Wildcard (Broadcast)"
"362737","1160.592933","SagemcomBroa_d7:48:32","Broadcast","802.11","291","Probe Request, SN=2988, FN=0, Flags=........C, SSID=Wildcard (Broadcast)"
"372543","1174.554607","LiteonTechno_13:23:c1","Broadcast","802.11","110","Probe Request, SN=1177, FN=0, Flags=........C, SSID=Wildcard (Broadcast)"
"372547","1174.574228","LiteonTechno_13:23:c1","Broadcast","802.11","110","Probe Request, SN=1178, FN=0, Flags=........C, SSID=Wildcard (Broadcast)"
"373081","1178.990399","AzureWaveTec_9c:2a:f3","Broadcast","802.11","110","Probe Request, SN=1857, FN=0, Flags=........C, SSID=Wildcard (Broadcast)"
"373089","1179.025630","AzureWaveTec_9c:2a:f3","Broadcast","802.11","110","Probe Request, SN=1858, FN=0, Flags=........C, SSID=Wildcard (Broadcast)"
"373539","1184.579069","AzureWaveTec_9c:2a:f3","Broadcast","802.11","110","Probe Request, SN=1897, FN=0, Flags=........C, SSID=Wildcard (Broadcast)"
"373546","1184.612382","AzureWaveTec_9c:2a:f3","Broadcast","802.11","110","Probe Request, SN=1898, FN=0, Flags=........C, SSID=Wildcard (Broadcast)"
"374747","1190.907216","9e:23:07:14:62:c3","Broadcast","802.11","123","Probe Request, SN=2354, FN=0, Flags=........C, SSID=Wildcard (Broadcast)"
"374756","1190.918474","9e:23:07:14:62:c3","Broadcast","802.11","123","Probe Request, SN=2355, FN=0, Flags=........C, SSID=Wildcard (Broadcast)"
"375052","1195.428958","SagemcomBroa_d7:48:32","Broadcast","802.11","291","Probe Request, SN=3050, FN=0, Flags=........C, SSID=Wildcard (Broadcast)"
"375062","1195.548862","SagemcomBroa_d7:48:32","Broadcast","802.11","291","Probe Request, SN=3055, FN=0, Flags=........C, SSID=Wildcard (Broadcast)"
"376100","1210.373755","9a:83:48:3a:cb:3a","Broadcast","802.11","156","Probe Request, SN=2894, FN=0, Flags=........C, SSID=Wildcard (Broadcast)"
"376107","1210.385247","9a:83:48:3a:cb:3a","Broadcast","802.11","156","Probe Request, SN=2895, FN=0, Flags=........C, SSID=Wildcard (Broadcast)"
"378460","1224.667307","LiteonTechno_13:23:c1","Broadcast","802.11","110","Probe Request, SN=1328, FN=0, Flags=........C, SSID=Wildcard (Broadcast)"
"378734","1230.433103","SagemcomBroa_d7:48:32","Broadcast","802.11","291","Probe Request, SN=3111, FN=0, Flags=........C, SSID=Wildcard (Broadcast)"
"378742","1230.551734","SagemcomBroa_d7:48:32","Broadcast","802.11","291","Probe Request, SN=3112, FN=0, Flags=........C, SSID=Wildcard (Broadcast)"
"378753","1230.667579","SagemcomBroa_d7:48:32","Broadcast","802.11","291","Probe Request, SN=3117, FN=0, Flags=........C, SSID=Wildcard (Broadcast)"
"378847","1232.366704","c6:f9:b7:22:fa:92","Broadcast","802.11","202","Probe Request, SN=2292, FN=0, Flags=........C, SSID=""INGRAM-pokoj"""
"378858","1232.379315","c6:f9:b7:22:fa:92","Broadcast","802.11","202","Probe Request, SN=2294, FN=0, Flags=........C, SSID=""INGRAM-pokoj"""
"379190","1235.908171","96:f3:ba:e4:1e:19","Broadcast","802.11","123","Probe Request, SN=2463, FN=0, Flags=........C, SSID=Wildcard (Broadcast)"
"379199","1235.919452","96:f3:ba:e4:1e:19","Broadcast","802.11","123","Probe Request, SN=2464, FN=0, Flags=........C, SSID=Wildcard (Broadcast)"
"383551","1254.659807","LiteonTechno_13:23:c1","Broadcast","802.11","110","Probe Request, SN=1417, FN=0, Flags=........C, SSID=Wildcard (Broadcast)"
"383553","1254.678559","LiteonTechno_13:23:c1","Broadcast","802.11","110","Probe Request, SN=1418, FN=0, Flags=........C, SSID=Wildcard (Broadcast)"
"384168","1257.626638","AzureWaveTec_9c:2a:f3","Broadcast","802.11","110","Probe Request, SN=1909, FN=0, Flags=........C, SSID=Wildcard (Broadcast)"
"384177","1257.662052","AzureWaveTec_9c:2a:f3","Broadcast","802.11","110","Probe Request, SN=1910, FN=0, Flags=........C, SSID=Wildcard (Broadcast)"
"385011","1265.486630","SagemcomBroa_d7:48:32","Broadcast","802.11","291","Probe Request, SN=3174, FN=0, Flags=........C, SSID=Wildcard (Broadcast)"
"385685","1270.076680","AzureWaveTec_9c:2a:f3","Broadcast","802.11","110","Probe Request, SN=1949, FN=0, Flags=........C, SSID=Wildcard (Broadcast)"
"385691","1270.109689","AzureWaveTec_9c:2a:f3","Broadcast","802.11","110","Probe Request, SN=1950, FN=0, Flags=........C, SSID=Wildcard (Broadcast)"
"385809","1270.322331","aa:df:af:09:29:c6","Broadcast","802.11","156","Probe Request, SN=3774, FN=0, Flags=........C, SSID=Wildcard (Broadcast)"
"386363","1272.715378","2a:c2:dd:9c:2a:f3","Broadcast","802.11","110","Probe Request, SN=2654, FN=0, Flags=........C, SSID=Wildcard (Broadcast)"
"386371","1272.747189","2a:c2:dd:9c:2a:f3","Broadcast","802.11","110","Probe Request, SN=2655, FN=0, Flags=........C, SSID=Wildcard (Broadcast)"
"393132","1284.803005","c6:f9:b7:22:fa:92","Broadcast","802.11","202","Probe Request, SN=2322, FN=0, Flags=........C, SSID=""INGRAM-pokoj"""
"394263","1298.513195","c6:f9:b7:22:fa:92","Broadcast","802.11","202","Probe Request, SN=2334, FN=0, Flags=........C, SSID=""INGRAM-pokoj"""
"394274","1298.525990","c6:f9:b7:22:fa:92","Broadcast","802.11","202","Probe Request, SN=2336, FN=0, Flags=........C, SSID=""INGRAM-pokoj"""
"394479","1300.319915","SagemcomBroa_d7:48:32","Broadcast","802.11","291","Probe Request, SN=3238, FN=0, Flags=........C, SSID=Wildcard (Broadcast)"
"394514","1300.436346","SagemcomBroa_d7:48:32","Broadcast","802.11","291","Probe Request, SN=3243, FN=0, Flags=........C, SSID=Wildcard (Broadcast)"
"394724","1304.772633","LiteonTechno_13:23:c1","Broadcast","802.11","110","Probe Request, SN=1567, FN=0, Flags=........C, SSID=Wildcard (Broadcast)"
"395716","1311.582622","12:f2:36:b3:e8:70","Broadcast","802.11","156","Probe Request, SN=2045, FN=0, Flags=........C, SSID=Wildcard (Broadcast)"
"395723","1311.594004","12:f2:36:b3:e8:70","Broadcast","802.11","156","Probe Request, SN=2046, FN=0, Flags=........C, SSID=Wildcard (Broadcast)"
"398628","1335.104004","SagemcomBroa_d7:48:32","Broadcast","802.11","291","Probe Request, SN=3300, FN=0, Flags=........C, SSID=Wildcard (Broadcast)"
"399237","1344.848194","LiteonTechno_13:23:c1","Broadcast","802.11","110","Probe Request, SN=1687, FN=0, Flags=........C, SSID=Wildcard (Broadcast)"
"399240","1344.867914","LiteonTechno_13:23:c1","Broadcast","802.11","110","Probe Request, SN=1688, FN=0, Flags=........C, SSID=Wildcard (Broadcast)"
"401065","1352.307081","9a:58:35:34:5d:0a","Broadcast","802.11","156","Probe Request, SN=3623, FN=0, Flags=........C, SSID=Wildcard (Broadcast)"
"401072","1352.318758","9a:58:35:34:5d:0a","Broadcast","802.11","156","Probe Request, SN=3624, FN=0, Flags=........C, SSID=Wildcard (Broadcast)"
"401572","1355.672965","AzureWaveTec_9c:2a:f3","Broadcast","802.11","110","Probe Request, SN=1988, FN=0, Flags=........C, SSID=Wildcard (Broadcast)"
"401579","1355.705863","AzureWaveTec_9c:2a:f3","Broadcast","802.11","110","Probe Request, SN=1989, FN=0, Flags=........C, SSID=Wildcard (Broadcast)"
"401961","1361.618002","AzureWaveTec_9c:2a:f3","Broadcast","802.11","110","Probe Request, SN=2028, FN=0, Flags=........C, SSID=Wildcard (Broadcast)"
"401967","1361.651850","AzureWaveTec_9c:2a:f3","Broadcast","802.11","110","Probe Request, SN=2029, FN=0, Flags=........C, SSID=Wildcard (Broadcast)"
"402585","1369.949213","SagemcomBroa_d7:48:32","Broadcast","802.11","291","Probe Request, SN=3362, FN=0, Flags=........C, SSID=Wildcard (Broadcast)"
"402595","1370.064978","SagemcomBroa_d7:48:32","Broadcast","802.11","291","Probe Request, SN=3367, FN=0, Flags=........C, SSID=Wildcard (Broadcast)"
"403377","1380.308881","c6:f9:b7:22:fa:92","Broadcast","802.11","202","Probe Request, SN=2366, FN=0, Flags=........C, SSID=""INGRAM-pokoj"""
"403387","1380.320511","c6:f9:b7:22:fa:92","Broadcast","802.11","202","Probe Request, SN=2368, FN=0, Flags=........C, SSID=""INGRAM-pokoj"""
"403727","1384.962126","LiteonTechno_13:23:c1","Broadcast","802.11","110","Probe Request, SN=1808, FN=0, Flags=........C, SSID=Wildcard (Broadcast)"
"404385","1396.679814","d2:ab:f8:e7:c5:23","Broadcast","802.11","156","Probe Request, SN=3291, FN=0, Flags=........C, SSID=Wildcard (Broadcast)"
"404392","1396.691291","d2:ab:f8:e7:c5:23","Broadcast","802.11","156","Probe Request, SN=3292, FN=0, Flags=........C, SSID=Wildcard (Broadcast)"
"404736","1401.747907","SagemcomBroa_d7:48:32","Broadcast","802.11","291","Probe Request, SN=3420, FN=0, Flags=........C, SSID=Wildcard (Broadcast)"
"404754","1401.866236","SagemcomBroa_d7:48:32","Broadcast","802.11","291","Probe Request, SN=3423, FN=0, Flags=........C, SSID=Wildcard (Broadcast)"
"406495","1407.263247","c6:f9:b7:22:fa:92","Broadcast","802.11","202","Probe Request, SN=2384, FN=0, Flags=........C, SSID=""INGRAM-pokoj"""
"406504","1407.275332","c6:f9:b7:22:fa:92","Broadcast","802.11","202","Probe Request, SN=2386, FN=0, Flags=........C, SSID=""INGRAM-pokoj"""
"406527","1407.360722","c6:f9:b7:22:fa:92","Broadcast","802.11","202","Probe Request, SN=2390, FN=0, Flags=........C, SSID=""INGRAM-pokoj"""
"406535","1407.371005","c6:f9:b7:22:fa:92","Broadcast","802.11","202","Probe Request, SN=2391, FN=0, Flags=........C, SSID=""INGRAM-pokoj"""
"406559","1407.469351","c6:f9:b7:22:fa:92","Broadcast","802.11","202","Probe Request, SN=2395, FN=0, Flags=........C, SSID=""INGRAM-pokoj"""
"406568","1407.481491","c6:f9:b7:22:fa:92","Broadcast","802.11","202","Probe Request, SN=2397, FN=0, Flags=........C, SSID=""INGRAM-pokoj"""
"406601","1407.685864","c6:f9:b7:22:fa:92","Broadcast","802.11","202","Probe Request, SN=2410, FN=0, Flags=........C, SSID=""INGRAM-pokoj"""
"406605","1407.697181","c6:f9:b7:22:fa:92","Broadcast","802.11","202","Probe Request, SN=2411, FN=0, Flags=........C, SSID=""INGRAM-pokoj"""
"411213","1431.441742","AzureWaveTec_9c:2a:f3","Broadcast","802.11","110","Probe Request, SN=2040, FN=0, Flags=........C, SSID=Wildcard (Broadcast)"
"411221","1431.477601","AzureWaveTec_9c:2a:f3","Broadcast","802.11","110","Probe Request, SN=2041, FN=0, Flags=........C, SSID=Wildcard (Broadcast)"
"411462","1433.838594","SagemcomBroa_d7:48:32","Broadcast","802.11","291","Probe Request, SN=3450, FN=0, Flags=........C, SSID=Wildcard (Broadcast)"
"415116","1460.203750","c6:f9:b7:22:fa:92","Broadcast","802.11","202","Probe Request, SN=2452, FN=0, Flags=........C, SSID=""INGRAM-pokoj"""
"415273","1460.913015","1a:6b:02:17:27:a3","Broadcast","802.11","123","Probe Request, SN=2296, FN=0, Flags=........C, SSID=Wildcard (Broadcast)"
"415286","1460.926008","1a:6b:02:17:27:a3","Broadcast","802.11","123","Probe Request, SN=2297, FN=0, Flags=........C, SSID=Wildcard (Broadcast)"
"421845","1468.760635","SagemcomBroa_d7:48:32","Broadcast","802.11","291","Probe Request, SN=3517, FN=0, Flags=........C, SSID=Wildcard (Broadcast)"
"429555","1478.659924","62:22:04:91:0d:31","Broadcast","802.11","156","Probe Request, SN=3637, FN=0, Flags=........C, SSID=Wildcard (Broadcast)"
"430516","1484.083864","c6:f9:b7:22:fa:92","Broadcast","802.11","202","Probe Request, SN=2468, FN=0, Flags=........C, SSID=""INGRAM-pokoj"""
"430527","1484.096802","c6:f9:b7:22:fa:92","Broadcast","802.11","202","Probe Request, SN=2470, FN=0, Flags=........C, SSID=""INGRAM-pokoj"""
"432840","1503.507648","SagemcomBroa_d7:48:32","Broadcast","802.11","291","Probe Request, SN=3574, FN=0, Flags=........C, SSID=Wildcard (Broadcast)"
"433402","1509.103948","AzureWaveTec_9c:2a:f3","Broadcast","802.11","110","Probe Request, SN=2092, FN=0, Flags=........C, SSID=Wildcard (Broadcast)"
"433410","1509.136105","AzureWaveTec_9c:2a:f3","Broadcast","802.11","110","Probe Request, SN=2093, FN=0, Flags=........C, SSID=Wildcard (Broadcast)"
"433918","1515.124927","LiteonTechno_13:23:c1","Broadcast","802.11","110","Probe Request, SN=2197, FN=0, Flags=........C, SSID=Wildcard (Broadcast)"
"433922","1515.143496","LiteonTechno_13:23:c1","Broadcast","802.11","110","Probe Request, SN=2198, FN=0, Flags=........C, SSID=Wildcard (Broadcast)"
"434315","1518.516458","AzureWaveTec_9c:2a:f3","Broadcast","802.11","110","Probe Request, SN=2132, FN=0, Flags=........C, SSID=Wildcard (Broadcast)"
"434889","1522.501604","2a:c2:dd:9c:2a:f3","Broadcast","802.11","110","Probe Request, SN=2680, FN=0, Flags=........C, SSID=Wildcard (Broadcast)"
"434896","1522.534641","2a:c2:dd:9c:2a:f3","Broadcast","802.11","110","Probe Request, SN=2681, FN=0, Flags=........C, SSID=Wildcard (Broadcast)"
"435811","1529.323373","c6:f9:b7:22:fa:92","Broadcast","802.11","202","Probe Request, SN=2499, FN=0, Flags=........C, SSID=""INGRAM-pokoj"""
"435818","1529.335288","c6:f9:b7:22:fa:92","Broadcast","802.11","202","Probe Request, SN=2500, FN=0, Flags=........C, SSID=""INGRAM-pokoj"""
"436188","1533.053164","2a:c2:dd:9c:2a:f3","Broadcast","802.11","110","Probe Request, SN=2700, FN=0, Flags=........C, SSID=Wildcard (Broadcast)"
"436195","1533.086625","2a:c2:dd:9c:2a:f3","Broadcast","802.11","110","Probe Request, SN=2701, FN=0, Flags=........C, SSID=Wildcard (Broadcast)"
"436475","1538.349991","SagemcomBroa_d7:48:32","Broadcast","802.11","291","Probe Request, SN=3636, FN=0, Flags=........C, SSID=Wildcard (Broadcast)"
"436501","1538.469818","SagemcomBroa_d7:48:32","Broadcast","802.11","291","Probe Request, SN=3641, FN=0, Flags=........C, SSID=Wildcard (Broadcast)"
"449505","1566.351189","fa:25:a2:53:c6:19","Broadcast","802.11","156","Probe Request, SN=1635, FN=0, Flags=........C, SSID=Wildcard (Broadcast)"
"449516","1566.363585","fa:25:a2:53:c6:19","Broadcast","802.11","156","Probe Request, SN=1636, FN=0, Flags=........C, SSID=Wildcard (Broadcast)"
"451800","1567.927999","c6:f9:b7:22:fa:92","Broadcast","802.11","202","Probe Request, SN=2532, FN=0, Flags=........C, SSID=""INGRAM-pokoj"""
"451813","1567.941882","c6:f9:b7:22:fa:92","Broadcast","802.11","202","Probe Request, SN=2533, FN=0, Flags=........C, SSID=""INGRAM-pokoj"""
"453999","1573.153919","SagemcomBroa_d7:48:32","Broadcast","802.11","291","Probe Request, SN=3698, FN=0, Flags=........C, SSID=Wildcard (Broadcast)"
"458495","1595.915899","32:12:f3:ef:68:47","Broadcast","802.11","123","Probe Request, SN=2079, FN=0, Flags=........C, SSID=Wildcard (Broadcast)"
"458504","1595.927186","32:12:f3:ef:68:47","Broadcast","802.11","123","Probe Request, SN=2080, FN=0, Flags=........C, SSID=Wildcard (Broadcast)"
"462063","1605.372452","LiteonTechno_13:23:c1","Broadcast","802.11","110","Probe Request, SN=2468, FN=0, Flags=........C, SSID=Wildcard (Broadcast)"
"462480","1607.879687","SagemcomBroa_d7:48:32","Broadcast","802.11","291","Probe Request, SN=3761, FN=0, Flags=........C, SSID=Wildcard (Broadcast)"
"462520","1607.997711","SagemcomBroa_d7:48:32","Broadcast","802.11","291","Probe Request, SN=3762, FN=0, Flags=........C, SSID=Wildcard (Broadcast)"
"465419","1626.139429","AzureWaveTec_9c:2a:f3","Broadcast","802.11","110","Probe Request, SN=2170, FN=0, Flags=........C, SSID=Wildcard (Broadcast)"
"465427","1626.174082","AzureWaveTec_9c:2a:f3","Broadcast","802.11","110","Probe Request, SN=2171, FN=0, Flags=........C, SSID=Wildcard (Broadcast)"
"468332","1637.818290","c6:f9:b7:22:fa:92","Broadcast","802.11","202","Probe Request, SN=2559, FN=0, Flags=........C, SSID=""INGRAM-pokoj"""
"468343","1637.831125","c6:f9:b7:22:fa:92","Broadcast","802.11","202","Probe Request, SN=2561, FN=0, Flags=........C, SSID=""INGRAM-pokoj"""
"468826","1641.819652","AzureWaveTec_9c:2a:f3","Broadcast","802.11","110","Probe Request, SN=2210, FN=0, Flags=........C, SSID=Wildcard (Broadcast)"
"468834","1641.853607","AzureWaveTec_9c:2a:f3","Broadcast","802.11","110","Probe Request, SN=2211, FN=0, Flags=........C, SSID=Wildcard (Broadcast)"
"469035","1642.845950","SagemcomBroa_d7:48:32","Broadcast","802.11","291","Probe Request, SN=3824, FN=0, Flags=........C, SSID=Wildcard (Broadcast)"
